Feature,Importance
sentiment_val,0.20833075702687356
avg_trades,0.23792838999676988
avg_pos_size,0.3074686939945911
ls_ratio,0.2462721589817654
